"archive_line","legacy_item","status","reason"
"1060","Đọc AGENTS.md áp dụng, đặc tả, kế hoạch gốc và nhật ký mới nhất.","revalidated_phase0","Re-audited on 2026-09-30; see phase0_reaudit_2026-09-30.md."
"1061","Kiểm kê source/config/notebook/test/artifact ở local; kiểm kê Drive riêng khi truy cập được.","revalidated_phase0","Re-audited on 2026-09-30; see phase0_reaudit_2026-09-30.md."
"1062","Ghi hash/phiên bản trước sửa và backup notebook có output; xác định bản phục hồi đúng.","revalidated_phase0","Re-audited on 2026-09-30; see phase0_reaudit_2026-09-30.md."
"1063","Phân biệt code hiện hành, output thử nghiệm và kết quả chính thức.","revalidated_phase0","Re-audited on 2026-09-30; see phase0_reaudit_2026-09-30.md."
"1064","Lập dependency của stage và các consumer 07–12.","revalidated_phase0","Re-audited on 2026-09-30; see phase0_reaudit_2026-09-30.md."
"1065","Lập bảng quyết định còn mở theo mục XV.","revalidated_phase0","Re-audited on 2026-09-30; see phase0_reaudit_2026-09-30.md."
"1066","Xác định file có hậu tố số và bản đúng; không tự xóa/gộp khi chưa đối soát.","revalidated_phase0","Re-audited on 2026-09-30; see phase0_reaudit_2026-09-30.md."
"1074","Tái sử dụng publication/checksum/retry hiện có, không tạo cơ chế lưu song song.","unverified_after_reset","Historical check revoked; requires task-specific logic, integration, readability, and current artifact evidence."
"1075","Stage signature chứa source/schema/config/code/upstream cần thiết.","unverified_after_reset","Historical check revoked; requires task-specific logic, integration, readability, and current artifact evidence."
"1076","Manifest liệt kê artifact bắt buộc, schema, số dòng, kích thước và checksum.","unverified_after_reset","Historical check revoked; requires task-specific logic, integration, readability, and current artifact evidence."
"1077","Ghi file hoàn chỉnh vào staging thích hợp, đóng file, publish, đọc lại rồi commit.","unverified_after_reset","Historical check revoked; requires task-specific logic, integration, readability, and current artifact evidence."
"1078","Kiểm tra semantics mounted Drive; không giả định rename luôn atomic như local disk.","unverified_after_reset","Historical check revoked; requires task-specific logic, integration, readability, and current artifact evidence."
"1079","Publish lỗi phải giữ bản tốt trước và trạng thái lỗi; phục hồi/reconcile theo manifest.","unverified_after_reset","Historical check revoked; requires task-specific logic, integration, readability, and current artifact evidence."
"1080","Tên đầu ra hiện hành cố định, không sinh (1), (2).","unverified_after_reset","Historical check revoked; requires task-specific logic, integration, readability, and current artifact evidence."
"1081","Bảo toàn snapshot nghiên cứu đã khóa trước thay bản hiện hành.","unverified_after_reset","Historical check revoked; requires task-specific logic, integration, readability, and current artifact evidence."
"1082","Resume kiểm tra compatible signature; chặn stale/thiếu/hỏng artifact.","unverified_after_reset","Historical check revoked; requires task-specific logic, integration, readability, and current artifact evidence."
"1083","Không completed với artifact rỗng ở stage bắt buộc sinh dữ liệu.","unverified_after_reset","Historical check revoked; requires task-specific logic, integration, readability, and current artifact evidence."
"1084","Tạo mẫu bảng kiểm tra, bàn giao và figure metadata bằng công cụ sẵn có.","unverified_after_reset","Historical check revoked; requires task-specific logic, integration, readability, and current artifact evidence."
"1085","Quy định một người ghi cùng stage; bàn giao trạng thái/thời điểm.","unverified_after_reset","Historical check revoked; requires task-specific logic, integration, readability, and current artifact evidence."
"1093","Kiểm tra project root, quyền đọc/ghi và dự án đúng.","unverified_after_reset","Historical check revoked; requires task-specific logic, integration, readability, and current artifact evidence."
"1094","Validate kiểu/giá trị config; phân biệt required và quyết định đang pending.","unverified_after_reset","Historical check revoked; requires task-specific logic, integration, readability, and current artifact evidence."
"1095","Lưu Python/packages, hardware, config, code và hash tài liệu nguồn.","unverified_after_reset","Historical check revoked; requires task-specific logic, integration, readability, and current artifact evidence."
"1096","Hiển thị checkpoint thực, không chỉ liệt kê tên stage.","unverified_after_reset","Historical check revoked; requires task-specific logic, integration, readability, and current artifact evidence."
"1097","Đo RAM/free disk runtime; dự trù raw/interim/processed/spill/staging theo dữ liệu thực.","unverified_after_reset","Historical check revoked; requires task-specific logic, integration, readability, and current artifact evidence."
"1098","Không diễn giải disk_usage runtime thành quota tài khoản Drive.","unverified_after_reset","Historical check revoked; requires task-specific logic, integration, readability, and current artifact evidence."
"1099","Thiếu điều kiện bắt buộc thì dừng với lỗi và cách khắc phục cụ thể.","unverified_after_reset","Historical check revoked; requires task-specific logic, integration, readability, and current artifact evidence."
"1164","Chốt tên/path/schema đầu ra trung gian 03 và mọi consumer trước sửa.","unverified_after_reset","Historical check revoked; requires task-specific logic, integration, readability, and current artifact evidence."
"1165","Chuyển/nối trách nhiệm tạo base features từ 04 về 03, dùng lại công thức có sẵn.","unverified_after_reset","Historical check revoked; requires task-specific logic, integration, readability, and current artifact evidence."
"1166","Không duy trì hai bản công thức song song.","unverified_after_reset","Historical check revoked; requires task-specific logic, integration, readability, and current artifact evidence."
"1167","Dictionary: tên, công thức, nguồn, đơn vị, mẫu số, missing semantics, task allowlist.","unverified_after_reset","Historical check revoked; requires task-specific logic, integration, readability, and current artifact evidence."
"1168","Kiểm tra damage-per-kill, walk ratio, assist ratio và mẫu số 0.","unverified_after_reset","Historical check revoked; requires task-specific logic, integration, readability, and current artifact evidence."
"1169","Normalized placement chỉ tính với roster/miền giá trị hợp lệ; không clip che lỗi.","unverified_after_reset","Historical check revoked; requires task-specific logic, integration, readability, and current artifact evidence."
"1170","Giữ raw outcome, target hợp lệ và flags riêng.","unverified_after_reset","Historical check revoked; requires task-specific logic, integration, readability, and current artifact evidence."
"1171","Xác minh party_size, có trạng thái unknown; không mặc định chỉ tồn tại 1/2/4.","unverified_after_reset","Historical check revoked; requires task-specific logic, integration, readability, and current artifact evidence."
"1172","Tách team_size_mode khỏi perspective_mode.","unverified_after_reset","Historical check revoked; requires task-specific logic, integration, readability, and current artifact evidence."
"1173","Kiểm tra grain/khóa người chơi-trận và rows; checkpoint chứa artifact thật.","unverified_after_reset","Historical check revoked; requires task-specific logic, integration, readability, and current artifact evidence."
"1195","Kiểm tra missing ID, self-kill, unmatched match, time âm/non-finite.","unverified_after_reset","Historical check revoked; requires task-specific logic, integration, readability, and current artifact evidence."
"1196","Không gọi mọi non-self event là enemy kill nếu thiếu evidence team/cause.","unverified_after_reset","Historical check revoked; requires task-specific logic, integration, readability, and current artifact evidence."
"1197","Chốt event key theo nguồn; không deduplicate chỉ match/killer/time.","unverified_after_reset","Historical check revoked; requires task-specific logic, integration, readability, and current artifact evidence."
"1198","Giữ hai kill thực khác nhau cùng giây.","unverified_after_reset","Historical check revoked; requires task-specific logic, integration, readability, and current artifact evidence."
"1199","Tách điều kiện absolute timing và phase timing.","unverified_after_reset","Historical check revoked; requires task-specific logic, integration, readability, and current artifact evidence."
"1200","Time vượt duration proxy không tự chứng minh absolute time sai.","unverified_after_reset","Historical check revoked; requires task-specific logic, integration, readability, and current artifact evidence."
"1201","Audit duration lỗi, out-of-range và coverage.","unverified_after_reset","Historical check revoked; requires task-specific logic, integration, readability, and current artifact evidence."
"1202","Ngưỡng 60 giây trong config phải đối chiếu evidence, không coi đã chốt chỉ vì có giá trị.","unverified_after_reset","Historical check revoked; requires task-specific logic, integration, readability, and current artifact evidence."
"1203","Aggregate global sum/count/min qua batch; không average chunk means.","unverified_after_reset","Historical check revoked; requires task-specific logic, integration, readability, and current artifact evidence."
"1204","Tách kills=0/no event, kills>0/missing event, event hợp lệ và chỉ hợp lệ một phần.","unverified_after_reset","Historical check revoked; requires task-specific logic, integration, readability, and current artifact evidence."
"1205","Phase ratios có tử/mẫu và coverage rõ; không biến unknown thành 0.","unverified_after_reset","Historical check revoked; requires task-specific logic, integration, readability, and current artifact evidence."
"1206","Merge từ output 03; kiểm tra many-to-one và row count.","unverified_after_reset","Historical check revoked; requires task-specific logic, integration, readability, and current artifact evidence."
"1207","Lưu full discrepancy table, dù notebook chỉ hiển thị top N.","unverified_after_reset","Historical check revoked; requires task-specific logic, integration, readability, and current artifact evidence."
"1234","Bao phủ catalog A01–I03 theo đặc tả; mở rộng catalog config đang thiếu, không chỉ vẽ vài hình sẵn có.","unverified_after_reset","Historical check revoked; requires task-specific logic, integration, readability, and current artifact evidence."
"1235","Tách development scope dùng chọn phương án và full_descriptive_locked sau khóa.","unverified_after_reset","Historical check revoked; requires task-specific logic, integration, readability, and current artifact evidence."
"1236","Không dùng survival/placement chọn representation/mode RQ2.","unverified_after_reset","Historical check revoked; requires task-specific logic, integration, readability, and current artifact evidence."
"1237","Giữ per_mode; bổ sung evidence và giới hạn quy mô mỗi mode.","unverified_after_reset","Historical check revoked; requires task-specific logic, integration, readability, and current artifact evidence."
"1238","Không chỉ dựa p-value để kết luận khác biệt mode; báo N và effect magnitude.","unverified_after_reset","Historical check revoked; requires task-specific logic, integration, readability, and current artifact evidence."
"1239","Log-transform có lý do; danh sách rỗng chỉ hoàn tất khi có quyết định rõ.","unverified_after_reset","Historical check revoked; requires task-specific logic, integration, readability, and current artifact evidence."
"1240","Không tự loại ngoại lệ theo boxplot; mọi đổi cohort cần ngữ nghĩa/evidence.","unverified_after_reset","Historical check revoked; requires task-specific logic, integration, readability, and current artifact evidence."
"1241","Variance/redundancy/VIF khi phù hợp, không tự loại feature theo ngưỡng tùy ý.","unverified_after_reset","Historical check revoked; requires task-specific logic, integration, readability, and current artifact evidence."
"1242","Thống kê/phân vị chính thức tính chính xác trên toàn scope hợp lệ.","unverified_after_reset","Historical check revoked; requires task-specific logic, integration, readability, and current artifact evidence."
"1243","Dùng projection/SQL/spill/chia stage nếu RAM thiếu, giữ nguyên phép tính.","unverified_after_reset","Historical check revoked; requires task-specific logic, integration, readability, and current artifact evidence."
"1244","Spearman exact cần global ranks/ties, không average chunk correlations.","unverified_after_reset","Historical check revoked; requires task-specific logic, integration, readability, and current artifact evidence."
"1245","Retention 5/10/20/50 là ứng viên chẩn đoán, chưa tự chốt min_games.","unverified_after_reset","Historical check revoked; requires task-specific logic, integration, readability, and current artifact evidence."
"1246","Test đã được xem thì công bố giới hạn, không resplit để xóa lịch sử đã xem.","unverified_after_reset","Historical check revoked; requires task-specific logic, integration, readability, and current artifact evidence."
"1254","Validate allowlist từng target; target-derived/coupling chỉ là diagnostic đúng phạm vi.","unverified_after_reset","Historical check revoked; requires task-specific logic, integration, readability, and current artifact evidence."
"1255","Pearson/Spearman trên mọi cặp hợp lệ trong scope công bố.","unverified_after_reset","Historical check revoked; requires task-specific logic, integration, readability, and current artifact evidence."
"1256","Báo N từng cặp/mode; missing/constant/insufficient có status, không điền hệ số 0.","unverified_after_reset","Historical check revoked; requires task-specific logic, integration, readability, and current artifact evidence."
"1257","Dùng mode mapping đã xác minh; tách Overall và từng mode.","unverified_after_reset","Historical check revoked; requires task-specific logic, integration, readability, and current artifact evidence."
"1258","Xếp độ mạnh theo trị tuyệt đối nếu cần, giữ dấu âm/dương.","unverified_after_reset","Historical check revoked; requires task-specific logic, integration, readability, and current artifact evidence."
"1259","Không coi p nhỏ là mạnh, không tự đặt nhãn yếu/vừa/mạnh thiếu quy ước.","unverified_after_reset","Historical check revoked; requires task-specific logic, integration, readability, and current artifact evidence."
"1260","Diễn giải khác nhau Pearson/Spearman và giữa mode khi có bằng chứng.","unverified_after_reset","Historical check revoked; requires task-specific logic, integration, readability, and current artifact evidence."
"1261","Ghi hạn chế repeated player/match, opportunity time và thiết lập hồi cứu.","unverified_after_reset","Historical check revoked; requires task-specific logic, integration, readability, and current artifact evidence."
"1262","Lưu summary, interpretations, figures và checkpoint RQ1.","unverified_after_reset","Historical check revoked; requires task-specific logic, integration, readability, and current artifact evidence."
"1263","Đối chiếu tên bảng hiện hành với rq1_relationship_summary.csv của kế hoạch gốc; chốt canonical và cập nhật consumer, tránh hai nguồn kết quả.","unverified_after_reset","Historical check revoked; requires task-specific logic, integration, readability, and current artifact evidence."
"1279","Tìm mọi consumer ảnh hưởng, kể cả profiles/history/training/finalization 07–12.","unverified_after_reset","Historical check revoked; requires task-specific logic, integration, readability, and current artifact evidence."
"1280","Cập nhật src/utils/generate_notebooks.py: code, markdown, cảnh báo và path.","unverified_after_reset","Historical check revoked; requires task-specific logic, integration, readability, and current artifact evidence."
"1281","Backup notebook có output; chỉ regenerate file bị ảnh hưởng.","unverified_after_reset","Historical check revoked; requires task-specific logic, integration, readability, and current artifact evidence."
"1282","Validate cell count, schema notebook, code syntax, không cell rỗng vô nghĩa.","unverified_after_reset","Historical check revoked; requires task-specific logic, integration, readability, and current artifact evidence."
"1283","Kiểm tra notebook chỉ điều phối, không sao chép công thức.","unverified_after_reset","Historical check revoked; requires task-specific logic, integration, readability, and current artifact evidence."
"1284","Chạy test ở mục XVI; loại mọi test thực thi All-in-One.","unverified_after_reset","Historical check revoked; requires task-specific logic, integration, readability, and current artifact evidence."
"1285","Smoke test từng notebook 00–06 trong process/runtime sạch, cùng code path với full.","unverified_after_reset","Historical check revoked; requires task-specific logic, integration, readability, and current artifact evidence."
"1286","Kiểm tra rerun cell, resume, bàn giao root, tên file không đánh số.","unverified_after_reset","Historical check revoked; requires task-specific logic, integration, readability, and current artifact evidence."
"1287","Kiểm tra hình mở được và đối chiếu với bảng nguồn.","unverified_after_reset","Historical check revoked; requires task-specific logic, integration, readability, and current artifact evidence."
"1288","Cập nhật README, TEAM_DRIVE, NOTEBOOK_CELL_GUIDE khi nội dung thay đổi.","unverified_after_reset","Historical check revoked; requires task-specific logic, integration, readability, and current artifact evidence."
"1289","Ghi CHANGELOG_FIXES cùng đợt: ngày, yêu cầu, nguồn, file, nội dung, ảnh hưởng, test và giới hạn.","unverified_after_reset","Historical check revoked; requires task-specific logic, integration, readability, and current artifact evidence."
"1449","Mỗi notebook có trách nhiệm, input/output, kiểm tra và bàn giao.","unverified_after_reset","Historical check revoked; requires task-specific logic, integration, readability, and current artifact evidence."
"1450","03 có artifact thật; không completed giả với đầu ra rỗng.","unverified_after_reset","Historical check revoked; requires task-specific logic, integration, readability, and current artifact evidence."
"1451","Smoke/full cùng logic src/.","unverified_after_reset","Historical check revoked; requires task-specific logic, integration, readability, and current artifact evidence."
"1452","Generator cập nhật, notebook tái tạo và validate.","unverified_after_reset","Historical check revoked; requires task-specific logic, integration, readability, and current artifact evidence."
"1453","Tests phù hợp đạt, không chạy All-in-One.","unverified_after_reset","Historical check revoked; requires task-specific logic, integration, readability, and current artifact evidence."
"1454","Đủ tám nhóm EDA, catalog truy vết.","unverified_after_reset","Historical check revoked; requires task-specific logic, integration, readability, and current artifact evidence."
"1455","RQ1 có coefficients/N/scope/diễn giải/coupling disclosure.","unverified_after_reset","Historical check revoked; requires task-specific logic, integration, readability, and current artifact evidence."
"1456","Pending config có gate, không thay protocol ngầm.","unverified_after_reset","Historical check revoked; requires task-specific logic, integration, readability, and current artifact evidence."
"1457","Hướng dẫn resume/stale/đồng bộ cập nhật.","unverified_after_reset","Historical check revoked; requires task-specific logic, integration, readability, and current artifact evidence."
"1520","Chốt row_id ổn định tại grain đã kiểm tra; phát hiện duplicate identity, không dùng index pandas làm định danh.","unverified_after_reset","Historical check revoked; requires task-specific logic, integration, readability, and current artifact evidence."
"1521","Mỗi cohort lưu rule eligibility, exclusions và số rows/matches/teams/players theo split/mode.","unverified_after_reset","Historical check revoked; requires task-specific logic, integration, readability, and current artifact evidence."
"1522","P1/P2, T0/T1 và ablation khóa common row-ID sets trước fit; so cả target, split và identity.","unverified_after_reset","Historical check revoked; requires task-specific logic, integration, readability, and current artifact evidence."
"1523","Tạo hoặc hoàn thiện experiment registry từ ma trận mục 9, tái sử dụng metadata/logging hiện có.","unverified_after_reset","Historical check revoked; requires task-specific logic, integration, readability, and current artifact evidence."
"1524","Registry có experiment_id/run_id, RQ/task/target, feature list, model/params, seed, status/reason, counts, paths, signatures và chronology/scope.","unverified_after_reset","Historical check revoked; requires task-specific logic, integration, readability, and current artifact evidence."
"1525","Signatures bao gồm input/cohort/split/registry/feature/config/code/backend liên quan, không chỉ notebook_v1.","unverified_after_reset","Historical check revoked; requires task-specific logic, integration, readability, and current artifact evidence."
"1526","Kiểm tra hash cả module helper có ảnh hưởng; thay clustering/registry phải làm stale đúng kết quả, kể cả workflow file không đổi.","unverified_after_reset","Historical check revoked; requires task-specific logic, integration, readability, and current artifact evidence."
"1527","Phân biệt planned/running/completed/failed/resource_limited/blocked/stale; metric chưa tính là null, không bằng 0.","unverified_after_reset","Historical check revoked; requires task-specific logic, integration, readability, and current artifact evidence."
"1528","Checkpoint theo stage và đơn vị resume thích hợp: profile, diagnostics, per-mode clustering, history, experiment, comparison, finalization.","unverified_after_reset","Historical check revoked; requires task-specific logic, integration, readability, and current artifact evidence."
"1529","Stage 08–11 phải lưu artifact bắt buộc, thay wrapper commit {} hiện tại.","unverified_after_reset","Historical check revoked; requires task-specific logic, integration, readability, and current artifact evidence."
"1530","Diagnostics và per-mode/experiment đã hoàn tất tương thích được resume; mode/run đang dở không khiến mọi kết quả được gọi completed.","unverified_after_reset","Historical check revoked; requires task-specific logic, integration, readability, and current artifact evidence."
"1531","Mỗi output giữ tên canonical, publish/đọc lại/checksum rồi commit; bảo toàn release đã khóa trước thay latest.","unverified_after_reset","Historical check revoked; requires task-specific logic, integration, readability, and current artifact evidence."
"1532","Một writer cho cùng stage; bảng bàn giao có paths/status/versions/errors/next step.","unverified_after_reset","Historical check revoked; requires task-specific logic, integration, readability, and current artifact evidence."
"1533","Tách thành công của bước kiểm tra feasibility khỏi trạng thái blocked của thí nghiệm; notebook xử lý Grade C có thể hoàn thành audit nhưng không chứng nhận history dataset hoặc S2/P3 completed.","unverified_after_reset","Historical check revoked; requires task-specific logic, integration, readability, and current artifact evidence."
